<?xml version="1.0" encoding="UTF-8" ?>
<imp xmlns:x="/nop/schema/xdsl.xdef" xmlns:c="c"
     x:schema="/nop/schema/excel/imp.xdef"
     x:extends="/nop/orm/imp/orm.imp.xml">

    <sheets>
        <sheet name="配置">
            <normalizeFieldsExpr>
                <c:script><![CDATA[
                    // 按内置规则设置 ORM 实体包名
                    record['ext:entityPackageName'] = record['ext:basePackageName'] + '.orm.entity';
                ]]></c:script>
            </normalizeFieldsExpr>

            <fields>
                <field name="ext:moduleName" displayName="moduleName">
                    <schema stdDomain="string" />
                </field>
            </fields>
        </sheet>

        <sheet name="字典定义">
            <fields>
                <field name="options">
                    <fields>
                        <field name="code" displayName="编码" />
                    </fields>
                </field>
            </fields>
        </sheet>

        <sheet name="entity">
            <fields>
                <field name="comments" displayName="填写说明" virtual="true" />
            </fields>
        </sheet>
    </sheets>
</imp>
